300317 珈伟股份 日线 后复权
      日期	    开盘	    最高	    最低	    收盘	    成交量	    成交额
2012/05/11,13.00,13.67,13.00,13.03,16034693,211350128.00
2012/05/14,12.69,12.88,12.42,12.47,12256288,154575600.00
2012/05/15,12.29,12.73,12.23,12.52,7024593,87709656.00
2012/05/16,12.57,12.77,12.37,12.44,5060897,63645084.00
2012/05/17,12.60,12.72,12.36,12.53,4607991,57646304.00
2012/05/18,12.35,12.35,11.75,11.78,7267503,87347312.00
2012/05/21,11.65,11.87,11.50,11.61,3207225,37410628.00
2012/05/22,11.71,11.79,11.64,11.73,2856018,33450110.00
2012/05/23,11.67,11.83,11.53,11.77,3389256,39666060.00
2012/05/24,11.80,12.17,11.75,11.97,4972849,59766424.00
2012/05/25,11.89,11.96,11.43,11.50,3364211,39204384.00
2012/05/28,11.40,11.57,11.21,11.57,2134472,24298086.00
2012/05/29,11.55,11.75,11.49,11.68,2103048,24511866.00
2012/05/30,11.68,11.97,11.61,11.77,2924115,34485628.00
2012/05/31,11.68,12.12,11.61,11.98,3710213,44349084.00
2012/06/01,11.92,12.10,11.75,11.81,2158863,25591766.00
2012/06/04,11.55,11.70,11.37,11.40,2411667,27766620.00
2012/06/05,11.44,11.97,11.41,11.65,2866483,33614840.00
2012/06/06,11.67,11.92,11.53,11.67,2058474,24186476.00
2012/06/07,11.81,11.86,11.46,11.53,1710691,19889988.00
2012/06/08,11.66,11.69,11.44,11.49,1102912,12738186.00
2012/06/11,11.49,11.74,11.43,11.72,1538156,17869938.00
2012/06/12,11.60,11.87,11.55,11.66,1815732,21330348.00
2012/06/13,11.68,11.98,11.60,11.94,2964156,35045976.00
2012/06/14,11.87,11.97,11.75,11.77,2247228,26660260.00
2012/06/15,11.78,11.90,11.60,11.81,1721056,20267668.00
2012/06/18,11.87,12.14,11.79,12.05,3086426,36933072.00
2012/06/19,11.99,12.00,11.75,11.83,1991250,23594688.00
2012/06/20,11.88,12.10,11.79,12.05,3040757,36473720.00
2012/06/21,12.05,12.16,11.84,12.01,2721049,32709760.00
2012/06/25,11.94,11.98,11.49,11.55,2144123,25044828.00
2012/06/26,11.49,11.81,11.30,11.77,2070208,24033710.00
2012/06/27,11.68,12.46,11.67,12.06,5252431,63560024.00
2012/06/28,12.05,12.15,11.70,11.71,2990021,35676128.00
2012/06/29,11.60,12.15,11.50,12.11,3072701,36530500.00
2012/07/02,12.16,12.57,12.03,12.50,5184063,64291560.00
2012/07/03,12.42,12.86,12.25,12.65,5478761,68625384.00
2012/07/04,12.72,12.73,12.30,12.38,3727697,46578996.00
2012/07/05,12.27,12.34,12.00,12.20,2607077,31754142.00
2012/07/06,12.28,12.33,11.75,12.18,3211855,38575560.00
2012/07/09,12.03,12.04,11.62,11.65,2089860,24749706.00
2012/07/10,11.60,11.82,11.45,11.45,1459922,16960390.00
2012/07/11,11.45,11.60,11.37,11.50,1279493,14668419.00
2012/07/12,11.50,11.51,10.51,10.96,3773226,41560640.00
2012/07/13,10.84,10.90,10.46,10.50,1957738,20914924.00
2012/07/16,9.45,9.45,9.45,9.45,427900,4043655.00
2012/07/17,8.51,8.84,8.51,8.74,5534083,47629488.00
2012/07/18,8.66,8.66,8.32,8.57,3504998,29710482.00
2012/07/19,8.45,8.75,8.43,8.64,3280127,28348980.00
2012/07/20,8.60,8.67,8.46,8.50,2205990,18906500.00
2012/07/23,8.40,8.41,8.16,8.25,1858229,15341070.00
2012/07/24,8.24,8.49,8.18,8.46,1836278,15404712.00
2012/07/25,8.40,8.73,8.30,8.56,3069766,26314324.00
2012/07/26,8.53,8.59,8.21,8.31,2194295,18496698.00
2012/07/27,8.34,8.43,8.24,8.32,1301134,10841146.00
2012/07/30,8.30,8.35,7.76,7.78,2198964,17434224.00
2012/07/31,7.80,7.80,7.40,7.48,1630781,12307319.00
2012/08/01,7.48,7.72,7.48,7.64,1138814,8698965.00
2012/08/02,7.61,7.77,7.36,7.62,1253028,9593506.00
2012/08/03,7.62,7.93,7.51,7.89,1754005,13721301.00
2012/08/06,7.76,8.11,7.76,8.07,1898613,15151098.00
2012/08/07,8.06,8.40,8.04,8.23,2263628,18650404.00
2012/08/08,8.18,8.27,8.12,8.19,1191266,9742987.00
2012/08/09,8.19,8.30,8.10,8.30,1571413,12901053.00
2012/08/10,8.29,8.30,8.15,8.19,1134564,9326396.00
2012/08/13,8.22,8.22,7.76,7.78,1601499,12764440.00
2012/08/14,7.78,7.90,7.59,7.89,1890258,14613144.00
2012/08/15,7.88,7.88,7.60,7.65,1681391,13005346.00
2012/08/16,7.62,7.74,7.49,7.56,2525557,19226226.00
2012/08/17,7.52,7.70,7.50,7.61,2034639,15456124.00
2012/08/20,7.55,7.69,7.49,7.66,1488409,11276836.00
2012/08/21,7.61,8.00,7.61,7.95,3831691,30174108.00
2012/08/22,7.96,8.22,7.92,8.10,4914103,39627220.00
2012/08/23,7.99,8.58,7.93,8.36,5124888,42049336.00
2012/08/24,8.29,8.35,7.92,7.92,3506590,28518254.00
2012/08/27,7.83,7.90,7.66,7.77,1724019,13394769.00
2012/08/28,7.73,8.09,7.64,8.06,1975179,15708227.00
2012/08/29,8.09,8.28,8.00,8.12,3556776,29053314.00
2012/08/30,8.00,8.25,7.72,8.18,2672665,21451058.00
2012/08/31,8.16,8.23,8.01,8.16,1954370,15876440.00
2012/09/03,8.10,8.28,7.81,8.18,3030193,24451286.00
2012/09/04,8.13,8.46,8.05,8.31,4232828,35051096.00
2012/09/05,8.30,8.98,8.23,8.78,6824917,58897332.00
2012/09/06,8.71,8.96,8.61,8.80,4116703,35966756.00
2012/09/07,8.73,9.18,8.66,8.94,5973117,53313688.00
2012/09/10,8.89,9.06,8.75,8.96,3510814,31235612.00
2012/09/11,8.97,9.04,8.72,8.85,2942716,26048512.00
2012/09/12,8.83,8.92,8.65,8.75,2348574,20569656.00
2012/09/13,8.76,9.49,8.76,9.00,6730180,61554736.00
2012/09/14,8.95,9.15,8.85,8.92,3253032,29288932.00
2012/09/17,8.90,9.00,8.27,8.27,3450839,29575550.00
2012/09/18,8.21,8.50,8.05,8.22,1590857,13180135.00
2012/09/19,8.26,8.35,8.21,8.34,933963,7739098.50
2012/09/20,8.30,8.37,7.90,7.90,1754385,14172939.00
2012/09/21,7.88,8.08,7.69,7.71,1309051,10241382.00
2012/09/24,7.63,7.85,7.57,7.78,644896,4995885.50
2012/09/25,7.70,7.84,7.68,7.73,606786,4697817.00
2012/09/26,7.73,7.79,7.48,7.49,635940,4822301.00
2012/09/27,7.52,7.98,7.43,7.70,967630,7445495.00
2012/09/28,7.69,7.86,7.65,7.83,961350,7495020.50
2012/10/08,7.85,8.08,7.76,7.94,831263,6568560.00
2012/10/09,7.99,8.38,7.83,8.16,1202285,9795347.00
2012/10/10,8.11,8.29,8.03,8.19,1229466,10008955.00
2012/10/11,8.18,8.18,7.89,7.89,1043640,8360357.50
2012/10/12,7.84,8.13,7.83,7.86,922504,7321228.50
2012/10/15,7.95,7.95,7.44,7.54,1692996,12801124.00
2012/10/16,7.54,7.77,7.54,7.61,902935,6880141.00
2012/10/17,7.58,7.94,7.56,7.77,1243687,9591874.00
2012/10/18,7.70,8.05,7.70,7.99,1472217,11636049.00
2012/10/19,7.98,8.09,7.85,7.92,660364,5240460.00
2012/10/22,7.90,8.06,7.84,7.92,802166,6356078.50
2012/10/23,7.97,7.97,7.80,7.80,773000,6076950.50
2012/10/24,7.75,7.89,7.72,7.79,524744,4091553.75
2012/10/25,7.80,7.94,7.72,7.73,577160,4513211.50
2012/10/26,7.75,7.75,7.45,7.51,968059,7281489.50
2012/10/29,7.48,7.66,7.46,7.56,451598,3422437.00
2012/10/30,7.53,7.60,7.48,7.48,372300,2805839.00
2012/10/31,7.48,7.66,7.43,7.56,635397,4775552.50
2012/11/01,7.59,7.70,7.57,7.65,588577,4501701.00
2012/11/02,7.66,7.77,7.63,7.72,598402,4612721.00
2012/11/05,7.70,7.78,7.60,7.63,610145,4668288.00
2012/11/06,7.64,7.65,7.40,7.58,1278367,9593075.00
2012/11/07,7.61,7.73,7.54,7.58,716190,5420831.50
2012/11/08,7.52,7.59,7.43,7.44,478659,3557317.75
2012/11/09,7.45,7.47,7.10,7.34,716957,5208877.50
2012/11/12,7.31,7.37,7.24,7.27,970589,7001547.00
2012/11/13,7.28,7.34,7.13,7.17,609727,4346650.00
2012/11/14,7.22,7.32,7.15,7.29,455488,3267085.50
2012/11/15,7.26,7.30,6.87,6.99,694899,4889938.50
2012/11/16,6.94,7.57,6.94,7.08,898129,6341435.00
2012/11/19,7.09,7.22,7.07,7.16,368200,2605266.00
2012/11/20,7.16,7.26,7.12,7.15,437940,3118430.25
2012/11/21,7.11,7.21,7.00,7.20,523899,3689175.25
2012/11/22,7.17,7.20,7.08,7.09,313420,2215374.50
2012/11/23,7.10,7.19,7.09,7.14,272703,1931591.88
2012/11/26,7.12,7.14,6.98,7.01,304840,2127466.75
2012/11/27,6.95,7.00,6.61,6.61,784100,5266917.00
2012/11/28,6.63,6.63,6.17,6.37,697792,4401766.50
2012/11/29,6.37,6.42,6.22,6.29,361882,2275298.00
2012/11/30,6.29,6.39,6.19,6.31,342334,2135002.75
2012/12/03,6.32,6.32,6.02,6.03,483170,2934767.50
2012/12/04,6.00,6.12,5.79,6.07,1032369,6055069.50
2012/12/05,6.03,6.34,6.02,6.25,1146137,7050284.50
2012/12/06,6.24,6.39,6.21,6.31,748162,4651744.00
2012/12/07,6.29,6.53,6.27,6.45,1035760,6591309.00
2012/12/10,6.47,6.62,6.44,6.56,1111155,7180725.00
2012/12/11,6.50,6.54,6.42,6.43,1029261,6614697.00
2012/12/12,6.43,6.51,6.33,6.42,533303,3378791.25
2012/12/13,6.40,6.48,6.36,6.36,441203,2792344.00
2012/12/14,6.38,6.69,6.34,6.65,1624472,10595431.00
2012/12/17,6.61,6.80,6.61,6.74,1636186,10864754.00
2012/12/18,6.76,6.92,6.72,6.75,1100090,7403000.50
2012/12/19,6.79,6.86,6.71,6.83,716938,4829045.50
2012/12/20,6.88,7.02,6.81,6.93,1274065,8743430.00
2012/12/21,6.89,7.24,6.82,7.10,2307949,16037681.00
2012/12/24,7.06,7.16,6.99,7.12,1083480,7602303.00
2012/12/25,7.07,7.47,7.02,7.31,1891966,13579084.00
2012/12/26,7.26,7.78,7.23,7.76,3142275,23487438.00
2012/12/27,7.91,7.95,7.37,7.39,2947635,22315020.00
2012/12/28,7.32,7.58,7.25,7.46,1613938,11818110.00
2012/12/31,7.48,7.51,7.35,7.39,1183347,8700310.00
2013/01/04,7.49,7.49,7.29,7.39,953325,6970590.00
2013/01/07,7.37,7.51,7.37,7.51,1282080,9474879.00
2013/01/08,7.55,7.67,7.45,7.59,1314981,9861930.00
2013/01/09,7.57,7.72,7.52,7.57,1506351,11379901.00
2013/01/10,7.53,7.70,7.53,7.64,1295990,9788625.00
2013/01/11,7.67,7.71,7.39,7.46,1309666,9877321.00
2013/01/14,7.38,7.85,7.27,7.70,1656116,12489927.00
2013/01/15,7.76,8.06,7.70,7.93,2510153,19651536.00
2013/01/16,7.87,7.96,7.62,7.83,1558801,12034057.00
2013/01/17,7.83,7.83,7.56,7.57,1401536,10625809.00
2013/01/18,7.60,7.71,7.57,7.68,1265615,9598169.00
2013/01/21,7.71,8.01,7.63,7.86,1513523,11706019.00
2013/01/22,7.83,7.88,7.63,7.67,1286351,9902584.00
2013/01/23,7.62,7.70,7.43,7.56,911605,6838862.50
2013/01/24,7.60,7.68,7.24,7.38,1073903,8023474.50
2013/01/25,7.41,7.50,7.34,7.39,318971,2344878.50
2013/01/28,7.39,7.56,7.37,7.54,496480,3673525.25
2013/01/29,7.52,7.80,7.45,7.66,1023729,7770862.00
2013/01/30,7.61,7.69,7.53,7.64,551639,4165612.75
2013/01/31,7.66,7.67,7.37,7.49,445527,3330727.25
2013/02/01,7.48,7.62,7.48,7.55,451676,3377408.00
2013/02/04,7.55,7.64,7.49,7.56,532848,3981571.50
2013/02/05,7.54,7.60,7.46,7.59,460862,3452910.75
2013/02/06,7.60,7.93,7.57,7.81,1918555,14791841.00
2013/02/07,7.76,8.01,7.67,7.85,1209266,9365681.00
2013/02/08,7.82,8.27,7.82,8.12,2601725,20957872.00
2013/02/18,8.25,8.25,8.11,8.14,1755988,14231283.00
2013/02/19,8.12,8.15,7.88,7.96,1155279,9130944.00
2013/02/20,7.87,8.07,7.83,8.05,1144733,9040261.00
2013/02/21,8.03,8.03,7.79,7.84,993569,7787554.00
2013/02/22,7.83,7.93,7.78,7.83,668852,5204261.50
2013/02/25,7.78,8.02,7.74,7.98,774892,6090716.00
2013/02/26,7.94,8.01,7.67,7.68,1454493,11304504.00
2013/02/27,7.72,7.74,7.52,7.55,997589,7536268.00
2013/02/28,7.57,7.75,7.57,7.75,1373024,10429003.00
2013/03/01,7.71,7.85,7.70,7.81,1049718,8090828.50
2013/03/04,7.80,7.87,7.57,7.61,1335410,10219832.00
2013/03/05,7.65,7.77,7.59,7.75,625909,4769336.00
2013/03/06,7.74,8.02,7.74,7.99,1591254,12500643.00
2013/03/07,8.03,8.03,7.77,7.88,873716,6849565.00
2013/03/08,7.93,8.66,7.85,8.66,7898678,67044452.00
2013/03/11,8.63,9.42,8.40,8.80,9637901,84981640.00
2013/03/12,8.74,8.74,8.07,8.32,5459236,45427812.00
2013/03/13,8.17,8.32,8.08,8.24,2923419,23697362.00
2013/03/14,8.17,8.28,8.02,8.08,2216343,17848276.00
2013/03/15,7.98,8.24,7.84,8.04,2344489,18613688.00
2013/03/18,7.94,8.04,7.60,7.61,1977292,15220085.00
2013/03/19,7.53,7.78,7.38,7.66,1193756,8956220.00
2013/03/20,7.66,7.81,7.59,7.81,1402174,10729089.00
2013/03/21,7.81,8.02,7.75,7.86,1479904,11525297.00
2013/03/22,7.87,7.89,7.77,7.84,774225,5998905.50
2013/03/25,7.77,8.03,7.77,7.92,1060491,8272568.50
2013/03/26,7.92,7.95,7.73,7.74,1084154,8382603.00
2013/03/27,7.71,7.99,7.65,7.75,964108,7444670.00
2013/03/28,7.65,7.73,7.48,7.49,1077053,8078115.00
2013/03/29,7.46,7.67,7.41,7.46,469147,3498124.75
2013/04/01,7.46,7.53,7.43,7.48,531685,3948982.75
2013/04/02,7.50,7.60,7.41,7.42,406588,3020913.75
2013/04/03,7.42,7.44,7.12,7.22,651953,4696886.00
2013/04/08,7.23,7.32,7.17,7.31,459627,3292974.00
2013/04/09,7.32,7.50,7.29,7.47,713800,5227042.50
2013/04/10,7.40,7.53,7.39,7.45,455581,3367695.25
2013/04/11,7.52,7.55,7.43,7.45,291831,2157038.75
2013/04/12,7.47,7.56,7.42,7.48,770003,5698282.50
2013/04/15,7.49,7.50,7.29,7.32,440960,3230122.00
2013/04/16,7.32,7.39,7.22,7.37,366331,2645484.50
2013/04/17,7.38,7.52,7.35,7.52,495864,3663462.25
2013/04/18,7.52,8.25,7.47,7.94,4396832,34600360.00
2013/04/19,7.86,8.11,7.82,8.10,2333401,18503640.00
2013/04/22,8.00,8.23,7.95,8.20,1980997,15934848.00
2013/04/23,8.21,8.26,7.81,7.87,1476514,11690015.00
2013/04/24,7.83,8.24,7.83,8.24,1904615,15311959.00
2013/04/25,8.25,8.55,8.14,8.14,3076003,25401836.00
2013/04/26,8.08,8.16,7.88,7.89,1284757,10148757.00
2013/05/02,7.92,8.13,7.89,8.05,871460,6930986.00
2013/05/03,8.09,8.34,8.02,8.29,1745339,14286760.00
2013/05/06,8.34,8.51,8.23,8.46,1850809,15496813.00
2013/05/07,8.52,8.52,8.23,8.33,1950800,16085535.00
2013/05/08,8.36,8.47,8.18,8.47,2018030,16712631.00
2013/05/09,8.38,8.43,8.18,8.29,2019009,16574317.00
2013/05/10,8.23,8.31,8.03,8.17,1765756,14253188.00
2013/05/13,8.12,8.97,8.12,8.91,4706116,40221384.00
2013/05/14,8.76,8.84,8.50,8.67,3102967,26718422.00
2013/05/15,8.68,9.41,8.55,9.17,4648471,41435640.00
2013/05/16,9.07,9.53,8.89,9.11,4971185,45485572.00
2013/05/17,8.97,9.92,8.88,9.75,5005822,47070464.00
2013/05/20,9.75,10.30,9.57,9.92,4922544,48682548.00
2013/05/21,9.82,10.23,9.77,10.05,3649344,36073724.00
2013/05/22,9.78,10.03,9.49,9.49,3222638,31041082.00
2013/05/23,9.51,9.82,9.43,9.46,2743769,26177286.00
2013/05/24,9.57,10.06,9.52,9.99,4019789,39195380.00
2013/05/27,10.06,10.34,9.80,9.95,3197090,31920458.00
2013/05/28,9.97,10.17,9.46,9.50,3436015,33087312.00
2013/05/29,9.65,10.44,9.65,10.44,5812702,59252988.00
2013/05/30,10.57,10.93,10.30,10.37,8067423,85172280.00
2013/05/31,10.35,10.44,10.05,10.20,4199785,42556152.00
2013/06/03,10.10,10.33,9.98,10.14,1995953,20136218.00
2013/06/04,10.46,10.46,9.62,9.85,2092632,20882954.00
2013/06/05,9.87,10.12,9.77,10.06,1636941,16212031.00
2013/06/06,9.99,10.00,9.72,9.73,1456433,14254217.00
2013/06/07,9.77,9.84,8.88,9.14,2984171,27503862.00
2013/06/13,8.96,8.96,8.43,8.82,1731477,14946305.00
2013/06/14,8.95,9.31,8.83,9.19,1623895,14669985.00
2013/06/17,9.07,9.20,8.67,8.98,2636158,23418000.00
2013/06/18,8.90,9.64,8.73,9.53,6327977,58407616.00
2013/06/19,9.35,9.45,9.17,9.37,2579857,23864682.00
2013/06/20,9.32,9.56,9.07,9.12,2661810,24620656.00
2013/06/21,8.96,9.43,8.62,9.25,2171425,19681208.00
2013/06/24,9.30,9.50,8.92,9.47,3444847,31698398.00
2013/06/25,9.26,9.47,8.67,9.29,3939647,35893072.00
2013/06/26,9.14,10.02,9.14,9.95,6822493,65158184.00
2013/06/27,9.90,10.37,9.68,10.22,7125449,70715208.00
2013/06/28,10.08,10.19,9.78,9.87,4787279,47466732.00
2013/07/01,9.77,10.71,9.59,10.64,6415008,65424388.00
2013/07/02,10.57,10.86,10.37,10.66,5782528,60771736.00
2013/07/03,10.70,10.77,10.34,10.55,5468053,57481708.00
2013/07/04,10.37,10.82,10.18,10.29,5454883,57113720.00
2013/07/05,10.22,10.46,10.12,10.26,3257494,33236432.00
2013/07/08,9.87,10.00,9.37,9.48,3182142,30676028.00
2013/07/09,9.42,9.62,9.28,9.50,1543006,14495582.00
2013/07/10,9.50,9.94,9.50,9.88,2050326,19850094.00
2013/07/11,10.00,10.17,9.80,10.07,2349109,23369486.00
2013/07/12,10.13,10.80,9.97,10.34,3471539,35912288.00
2013/07/15,10.25,11.25,10.25,11.13,5199507,56254648.00
2013/07/16,11.13,11.30,10.89,11.04,4042685,44443120.00
2013/07/17,11.06,11.42,10.77,11.08,3978095,44054564.00
2013/07/18,10.97,11.51,10.89,11.31,3401838,38225380.00
2013/07/19,11.23,11.39,10.58,10.79,3524802,38606488.00
2013/07/22,10.67,11.22,10.57,11.19,2549504,27894654.00
2013/07/23,11.11,11.67,11.05,11.60,3824032,43083972.00
2013/07/24,11.47,11.66,11.31,11.55,3062316,34854936.00
2013/07/25,11.46,11.60,11.00,11.10,2902705,32521100.00
2013/07/26,11.03,11.20,10.72,11.09,1570823,17087550.00
2013/07/29,11.20,11.46,11.00,11.00,1312556,14562854.00
2013/07/30,10.97,11.09,10.35,10.67,1492233,15735968.00
2013/07/31,10.67,10.89,10.49,10.61,909804,9630981.00
2013/08/01,10.62,11.09,10.62,11.09,1391476,15109246.00
2013/08/02,11.11,11.69,11.10,11.34,2911636,33025872.00
2013/08/05,11.35,11.45,11.14,11.36,1916394,21429370.00
2013/08/06,11.27,11.43,11.21,11.30,1599442,17927710.00
2013/08/07,11.28,11.34,10.78,10.81,2178528,23581364.00
2013/08/08,10.81,10.98,10.61,10.84,1003982,10795234.00
2013/08/09,10.96,10.97,10.27,10.49,1725595,17986776.00
2013/08/12,10.53,10.76,10.43,10.65,973481,10217520.00
2013/08/13,10.55,10.83,10.51,10.75,720689,7651370.00
2013/08/14,10.80,11.34,10.80,11.10,2872226,31641110.00
2013/08/15,11.05,11.20,10.81,10.93,1627842,17746212.00
2013/08/16,11.08,11.29,10.61,10.62,1982997,21794770.00
2013/08/19,10.60,11.25,10.45,11.10,2359149,25314594.00
2013/08/20,11.17,11.59,11.00,11.43,5169340,58454876.00
2013/08/21,11.49,11.49,11.10,11.33,3102484,34600224.00
2013/08/22,11.33,11.33,11.03,11.20,2246881,24853052.00
2013/08/23,11.24,11.36,10.73,10.99,2283543,25070124.00
2013/08/26,11.00,11.30,10.88,11.30,2087619,22976034.00
2013/08/27,11.31,11.31,11.02,11.05,1750601,19320340.00
2013/08/28,11.02,11.25,10.62,10.71,2097115,22755080.00
2013/08/29,10.67,10.83,10.58,10.66,1042056,11020409.00
2013/08/30,10.70,10.70,10.00,10.36,2250036,23101698.00
2013/09/02,10.36,10.40,10.15,10.37,779150,7964986.00
2013/09/03,10.36,10.56,10.33,10.53,829822,8595328.00
2013/09/04,10.50,10.60,10.17,10.24,1043313,10628405.00
2013/09/05,10.24,10.80,10.18,10.52,1219792,12671221.00
2013/09/06,10.50,10.52,10.30,10.36,773879,7963447.00
2013/09/09,10.36,10.53,10.21,10.50,1420583,14574662.00
2013/09/10,10.55,10.57,10.32,10.38,589667,6065935.00
2013/09/11,10.40,10.40,10.22,10.32,861251,8780975.00
2013/09/12,10.35,10.38,10.23,10.29,796866,8131876.50
2013/09/13,10.30,10.45,10.22,10.45,737838,7574079.00
2013/09/16,10.40,10.48,10.29,10.32,516420,5294974.00
2013/09/17,10.32,10.32,10.08,10.11,767225,7742107.50
2013/09/18,10.11,10.22,10.02,10.16,501961,5024012.00
2013/09/23,10.11,10.38,10.10,10.34,1118121,11386864.00
2013/09/24,10.37,10.43,10.29,10.35,582935,5976405.50
2013/09/25,10.40,10.56,10.31,10.48,932069,9647134.00
2013/09/26,10.48,10.59,10.34,10.35,674121,6960557.00
2013/09/27,10.47,10.47,10.19,10.20,488088,4964869.50
2013/09/30,10.35,10.49,10.20,10.32,442898,4527794.50
2013/10/08,10.35,10.60,10.35,10.50,599586,6228136.50
2013/10/09,10.58,10.79,10.46,10.78,1261510,13312546.00
2013/10/10,10.78,10.94,10.55,10.68,1229611,13123701.00
2013/10/11,10.63,10.87,10.61,10.77,749003,7956155.00
2013/10/14,10.87,10.87,10.62,10.77,778966,8294585.50
2013/10/15,10.95,10.95,10.66,10.73,731848,7785326.50
2013/10/16,10.75,10.78,10.11,10.20,930415,9539377.00
2013/10/17,10.10,10.48,10.10,10.23,607930,6195733.00
2013/10/18,10.21,10.58,10.18,10.56,701629,7235816.00
2013/10/21,10.60,10.90,10.58,10.83,1199537,12790752.00
2013/10/22,10.86,10.93,10.38,10.44,1632555,17169474.00
2013/10/23,10.48,10.58,10.19,10.21,735694,7522629.00
2013/10/24,10.21,10.42,10.11,10.19,499089,5061028.50
2013/10/25,10.19,10.32,10.06,10.12,377920,3804675.25
2013/10/28,10.28,10.39,10.15,10.33,474734,4839482.50
2013/10/29,10.19,10.44,9.64,9.94,1045982,10329924.00
2013/10/30,9.90,10.28,9.90,10.22,466348,4663411.50
2013/10/31,10.22,10.42,10.12,10.36,714455,7323759.00
2013/11/01,10.33,10.50,10.18,10.44,739278,7601869.50
2013/11/04,10.53,10.69,10.47,10.49,1280132,13426081.00
2013/11/05,10.44,10.87,10.29,10.75,1783657,18901808.00
2013/11/06,10.80,10.95,10.60,10.81,1683082,17976138.00
2013/11/07,10.68,10.89,10.66,10.74,959825,10269338.00
2013/11/08,10.69,11.07,10.62,10.95,1754794,18983454.00
2013/11/11,11.03,12.04,10.88,11.80,5695666,64873408.00
2013/11/12,11.83,11.95,11.54,11.79,4696627,54680028.00
2013/11/13,11.65,12.08,11.38,11.42,4188696,48446500.00
2013/11/14,11.30,11.85,11.06,11.84,4740937,53746548.00
2013/11/15,11.90,12.47,11.72,12.31,4701282,56212320.00
2013/11/18,12.25,12.57,12.01,12.12,3467181,42065508.00
2013/11/19,12.05,12.39,11.95,12.17,2639727,31900696.00
2013/11/20,12.18,12.44,12.02,12.17,2056675,24953906.00
2013/11/21,12.10,12.10,11.69,11.78,2471634,29085382.00
2013/11/22,11.80,11.92,11.70,11.89,1203228,14133200.00
2013/11/25,11.85,13.07,11.85,12.85,4467547,56227828.00
2013/11/26,12.71,13.07,12.69,12.83,2610076,33376140.00
2013/11/27,12.73,13.55,12.63,13.30,2715440,35573376.00
2013/11/28,13.26,13.53,13.00,13.49,2145886,28337356.00
2013/11/29,13.60,14.50,13.57,13.84,3724477,51875476.00
2013/12/02,12.81,13.08,12.47,12.47,3737163,46785524.00
2013/12/03,11.65,12.44,11.50,12.09,2590650,30642792.00
2013/12/04,12.05,12.48,11.81,11.88,2058445,24956092.00
2013/12/05,11.90,11.99,11.50,11.70,1877798,21830460.00
2013/12/06,11.55,11.95,11.53,11.62,952178,11071475.00
2013/12/09,11.62,12.22,11.62,12.16,1390254,16569331.00
2013/12/10,12.16,12.29,11.93,12.01,1074500,12871791.00
2013/12/11,12.48,12.99,12.25,12.51,2986373,37303552.00
2013/12/12,12.50,12.63,12.08,12.63,2192584,26987478.00
2013/12/13,12.55,12.87,12.41,12.56,1869535,23526656.00
2013/12/16,12.60,12.85,12.14,12.14,1422906,17530964.00
2013/12/17,12.14,12.34,11.69,12.13,1164438,13878634.00
2013/12/18,12.05,12.38,11.87,12.07,777510,9397846.00
2013/12/19,12.15,12.16,11.83,12.05,1138832,13586611.00
2013/12/20,12.05,12.15,11.88,11.92,595089,7060422.00
2013/12/23,11.71,12.00,11.70,11.91,465430,5480884.50
2013/12/24,11.92,12.28,11.85,12.24,791400,9543428.00
2013/12/25,12.24,12.79,12.11,12.55,1727473,21573418.00
2013/12/26,12.56,12.78,12.35,12.35,2118673,26450288.00
2013/12/27,12.46,12.96,12.33,12.84,2548327,32214176.00
2013/12/30,12.95,13.06,12.67,12.99,1589639,20329416.00
2013/12/31,12.90,12.90,12.40,12.40,1878902,23444030.00
2014/01/02,12.40,12.95,12.35,12.95,2534980,31999950.00
2014/01/03,12.95,13.33,12.90,13.21,3674921,47974816.00
2014/01/06,13.21,14.07,13.13,13.28,4550908,61081636.00
2014/01/07,12.80,13.45,12.80,13.43,1987431,25914482.00
2014/01/08,13.40,13.99,13.12,13.83,3438704,46914728.00
2014/01/09,13.62,13.88,13.09,13.09,2691122,36060916.00
2014/01/10,12.90,13.37,12.80,13.24,1891466,24620298.00
2014/01/13,13.25,13.62,12.71,13.07,2549191,33420218.00
2014/01/14,13.22,13.33,12.85,13.30,3066635,39883796.00
2014/01/15,13.30,14.24,13.18,14.05,6018998,81818152.00
2014/01/16,14.00,14.34,13.30,13.42,5657289,77438808.00
2014/01/17,13.30,13.75,13.13,13.45,2519565,33707932.00
2014/01/20,13.30,13.80,13.05,13.21,2584278,34492532.00
2014/01/21,13.18,13.91,13.18,13.88,2891590,39112396.00
2014/01/22,13.80,13.96,13.49,13.88,3542460,48244672.00
2014/01/23,13.92,14.28,13.77,14.07,3770414,52663996.00
2014/01/24,13.95,14.48,13.90,14.20,3557053,50216676.00
2014/01/27,14.30,14.77,14.14,14.25,3507858,50329452.00
2014/01/28,14.25,14.35,13.60,14.11,2911708,40341236.00
2014/01/29,14.14,14.37,13.93,14.25,1666825,23448934.00
2014/01/30,14.15,14.24,13.76,13.90,1616897,22419634.00
2014/02/07,13.74,14.46,13.70,14.46,2051351,28827598.00
2014/02/10,14.50,15.09,14.30,15.01,3641365,53098176.00
2014/02/11,14.90,14.96,14.35,14.57,3262415,47399200.00
2014/02/12,14.65,14.76,14.32,14.69,2319352,33682116.00
2014/02/13,14.60,14.67,13.91,13.99,2962901,42105436.00
2014/02/14,13.91,14.22,13.88,14.18,1790599,25011332.00
2014/02/17,14.24,14.56,14.13,14.50,2418059,34569464.00
2014/02/18,14.45,14.80,14.40,14.53,3644747,52904748.00
2014/02/19,14.46,14.56,14.01,14.26,2619316,37143528.00
2014/02/20,14.26,14.26,13.65,13.69,2151989,29714540.00
2014/02/21,13.69,14.05,13.62,13.83,836917,11494708.00
2014/02/24,13.85,14.12,13.40,14.02,1265183,17456114.00
2014/02/25,13.98,14.41,13.10,13.10,2681624,36853656.00
2014/02/26,13.14,13.53,12.80,13.51,1576081,20604006.00
2014/02/27,13.49,13.68,12.95,12.97,1130540,14929045.00
2014/02/28,13.10,13.34,12.77,13.28,749718,9722242.00
2014/03/03,13.46,13.54,13.35,13.54,680965,9090332.00
2014/03/04,13.53,13.53,13.30,13.45,801238,10669499.00
2014/03/05,13.46,13.66,13.45,13.49,1008959,13544154.00
2014/03/06,13.49,13.84,13.36,13.76,1017382,13788208.00
2014/03/07,13.86,13.89,13.61,13.76,801087,10929026.00
2014/03/10,13.76,13.85,13.31,13.36,1017934,13738056.00
2014/03/11,13.34,13.50,12.90,13.32,863143,11318246.00
2014/03/12,13.11,13.40,13.04,13.19,427394,5593970.00
2014/03/13,13.25,13.48,13.23,13.45,550329,7324547.00
2014/03/14,13.56,14.45,13.45,14.28,2860325,40191528.00
2014/03/17,14.40,14.88,14.10,14.81,3279262,47746612.00
2014/03/18,14.80,14.98,14.60,14.84,2752155,40440260.00
2014/03/19,14.80,14.80,14.45,14.77,1683260,24462562.00
2014/03/20,14.74,14.85,14.21,14.45,1549978,22452294.00
2014/03/21,14.50,14.65,13.90,14.50,1424083,20228832.00
2014/03/24,14.40,14.48,13.91,14.02,1230160,17278686.00
2014/03/25,13.94,14.28,13.82,14.22,605941,8499853.00
2014/03/26,14.25,14.57,14.14,14.55,993379,14227880.00
2014/03/27,14.50,14.61,13.83,13.83,1066128,15025036.00
2014/03/28,13.81,13.95,12.75,13.10,1598135,20922464.00
2014/03/31,13.18,13.38,12.90,13.04,469538,6132300.00
2014/04/01,13.00,13.55,13.00,13.50,750028,9936649.00
2014/04/02,13.50,13.58,13.12,13.23,635355,8406259.00
2014/04/03,13.49,13.67,13.35,13.51,616701,8281066.00
2014/04/04,13.51,13.58,13.30,13.54,354443,4737140.00
2014/04/08,13.54,13.75,13.31,13.64,523197,7030620.00
2014/04/09,13.64,13.89,13.63,13.86,568976,7787727.00
2014/04/10,13.71,14.23,13.71,13.94,997711,13842871.00
2014/04/11,13.85,14.09,13.61,13.70,733641,10005447.00
2014/04/14,13.70,14.15,13.70,14.12,620130,8621620.00
2014/04/15,14.12,14.27,13.93,14.16,693650,9744158.00
2014/04/16,14.00,14.19,13.87,14.00,482004,6695625.50
2014/04/17,13.92,14.53,13.92,14.35,1572902,22428754.00
2014/04/18,14.40,14.46,14.23,14.40,819885,11710185.00
2014/04/21,14.20,14.80,14.19,14.51,2000582,29116546.00
2014/08/22,15.95,15.95,15.95,15.95,122103,1931669.50
2014/08/25,17.53,17.53,17.53,17.53,28417,494455.81
2014/08/26,19.27,19.27,19.27,19.27,77366,1480785.25
2014/08/27,21.18,21.18,21.18,21.18,583817,12289348.00
2014/08/28,23.29,23.29,23.29,23.29,434485,10062673.00
2014/08/29,24.64,25.23,23.34,24.18,16106153,390242176.00
2014/09/01,25.18,25.62,24.30,24.84,9817495,242693008.00
2014/09/02,25.03,25.27,24.43,25.21,7453457,184966928.00
2014/09/03,25.55,27.72,25.31,27.72,13466345,355676832.00
2014/09/04,26.33,26.88,25.93,26.72,8233950,216747616.00
2014/09/05,26.57,27.32,26.30,26.50,5109654,135407104.00
2014/09/09,26.43,26.93,25.44,26.28,4631861,121300816.00
2014/09/12,26.92,28.32,26.53,26.58,6625689,180864592.00
2014/09/15,26.43,27.33,25.94,27.02,5493480,145869472.00
2014/09/16,26.69,26.99,25.13,25.78,3606224,93400008.00
2014/09/17,25.74,26.08,24.13,24.18,4112009,101064664.00
2014/09/18,24.19,24.88,24.13,24.46,2600757,63493616.00
2014/09/19,24.60,25.42,24.18,24.83,3723156,92082776.00
2014/09/22,24.93,25.78,24.63,25.66,2864402,72131600.00
2014/09/23,25.49,26.08,25.38,25.65,2167532,55311388.00
2014/09/24,25.69,25.81,25.13,25.59,2261557,57307964.00
2014/09/25,25.44,26.63,25.23,26.48,4229130,110027272.00
2014/09/26,26.01,26.63,25.83,26.03,2398436,62636868.00
2014/09/29,25.93,26.50,25.83,25.97,2381248,61772368.00
2014/09/30,25.84,26.08,25.31,25.61,2060680,52438472.00
2014/10/08,25.61,26.33,25.36,26.21,2535791,65223632.00
2014/10/09,26.31,26.32,25.48,25.83,1792984,46010172.00
2014/10/10,25.49,25.65,25.31,25.54,1785374,45223584.00
2014/10/13,25.53,25.54,24.84,25.03,1944298,48349136.00
2014/10/14,24.88,25.61,24.88,25.46,1537403,38737528.00
2014/10/15,25.01,26.15,24.98,26.15,3411200,87294784.00
2014/10/16,26.01,28.03,25.92,27.01,10109098,268882976.00
2014/10/17,26.73,27.38,25.74,27.06,3890652,102635880.00
2014/10/20,26.53,27.53,26.53,26.95,2362528,63786896.00
2014/10/21,26.77,28.11,26.77,27.98,3349947,92036960.00
2014/10/22,28.83,29.63,27.71,28.71,5903791,168220864.00
2014/10/23,28.31,29.00,26.74,27.08,3453191,95102120.00
2014/10/24,26.88,27.13,24.40,27.13,5127831,132038680.00
2014/10/27,26.20,27.22,26.01,26.38,3079200,81790816.00
2014/10/28,26.36,27.10,26.25,26.81,2201005,58290576.00
2014/10/29,27.01,27.01,26.25,26.35,1847584,48591136.00
2014/10/30,26.14,26.44,25.73,25.91,1579009,41057156.00
2014/10/31,25.86,26.47,25.21,26.28,1399564,36085616.00
2014/11/03,26.28,26.68,26.06,26.62,1846803,48437760.00
2014/11/04,26.63,26.73,25.73,25.73,1043661,27145402.00
2014/11/05,25.89,26.37,25.78,26.29,623960,16252632.00
2014/11/06,26.38,26.79,26.18,26.44,1235845,32621506.00
2014/11/07,26.44,28.23,26.38,28.13,5629202,153063952.00
2014/11/10,27.93,28.31,27.13,27.83,2281404,63236688.00
2014/11/11,27.74,27.81,25.06,25.06,7907431,200769616.00
2014/11/12,25.13,25.78,24.24,25.53,1674390,42239708.00
2014/11/13,25.14,25.77,24.43,24.68,1493290,36895924.00
2014/11/14,24.31,25.93,24.31,25.59,1979931,50189260.00
2014/11/17,25.59,26.29,25.38,25.91,3262900,84096016.00
2014/11/18,25.91,26.13,25.64,26.11,1358700,35003048.00
2014/11/19,26.11,27.13,25.74,26.78,3149066,83542872.00
2014/11/20,26.83,27.82,26.23,27.82,4023668,109261904.00
2014/11/21,27.93,28.33,27.14,27.82,2922387,81226304.00
2014/11/24,28.11,28.11,26.75,27.18,1820315,49411776.00
2014/11/25,27.08,27.76,26.78,27.01,1432843,38733776.00
2014/11/26,26.93,27.90,26.15,27.88,2704241,73202400.00
2014/11/27,27.81,27.81,26.98,27.02,3295157,89219656.00
2014/11/28,27.13,27.33,26.34,26.45,2059543,54817860.00
2014/12/01,26.32,26.79,25.80,26.15,2574909,67072524.00
2014/12/02,26.12,26.59,25.81,26.50,1397282,36707024.00
2014/12/03,26.52,26.97,26.15,26.74,1480171,38819036.00
2014/12/04,26.74,27.33,26.11,26.13,2546199,67632392.00
2014/12/05,25.81,26.11,24.73,24.89,2169685,54702572.00
2014/12/08,24.71,25.13,22.58,23.62,4828349,113556072.00
2014/12/09,23.22,23.83,22.63,23.31,2661560,61479260.00
2014/12/10,23.43,24.75,23.15,24.36,1549971,37189856.00
2014/12/11,24.27,25.13,24.13,25.02,827241,20462596.00
2014/12/12,25.43,26.01,25.04,25.88,1612003,41007580.00
2014/12/15,25.95,27.40,25.48,27.01,3317412,88566352.00
2014/12/16,26.64,27.05,25.85,26.33,2086111,54413084.00
2014/12/17,25.91,26.62,25.63,25.68,956546,24584996.00
2014/12/18,25.68,26.63,25.51,26.32,1742485,45566712.00
2014/12/19,26.32,27.13,25.73,26.13,2359193,61880280.00
2014/12/22,26.01,26.59,24.14,25.43,979601,24602218.00
2014/12/23,25.33,25.97,25.02,25.61,1710372,43555504.00
2014/12/24,25.91,26.48,25.56,26.13,1496661,38897356.00
2014/12/25,26.16,26.58,25.75,26.42,1463000,38237496.00
2014/12/26,26.42,26.61,25.96,26.42,860945,22497216.00
2014/12/29,26.15,26.63,25.34,26.10,1506089,38802704.00
2014/12/30,26.07,26.38,24.55,24.63,1475278,37155568.00
2014/12/31,24.53,25.00,24.23,24.81,847446,20759392.00
2015/01/05,24.62,24.78,23.15,23.17,1511322,35348956.00
2015/01/06,23.13,23.63,22.94,23.53,1870527,43391812.00
2015/01/07,23.44,23.44,22.70,23.13,1297665,29715228.00
2015/01/08,23.30,23.80,22.93,23.71,1445030,33935640.00
2015/01/09,23.93,24.23,23.16,23.16,1920207,45475624.00
2015/01/12,23.12,23.12,21.73,22.18,1074316,23863308.00
2015/01/13,21.86,22.63,21.86,22.63,762837,16999482.00
2015/01/14,22.63,22.83,22.13,22.48,511399,11367508.00
2015/01/15,22.48,22.61,21.94,22.38,697213,15389442.00
2015/01/16,22.38,22.66,22.03,22.51,1247686,27770864.00
2015/01/19,22.49,23.51,21.74,22.63,935742,21086920.00
2015/01/20,22.63,23.37,22.63,23.32,1286703,29406976.00
2015/01/21,23.36,23.93,23.26,23.38,1252646,29325916.00
2015/01/22,23.43,23.81,23.24,23.78,1417473,33054764.00
2015/01/23,23.86,23.92,23.29,23.29,750584,17604784.00
2015/01/26,23.36,23.53,23.01,23.46,960669,22188828.00
2015/01/27,23.45,24.93,23.22,24.68,2695862,64690860.00
2015/01/28,24.68,25.33,24.68,25.18,2070854,51621816.00
2015/01/29,24.83,25.09,24.19,24.81,1092962,26855662.00
2015/01/30,24.81,24.81,24.14,24.14,375300,9112355.00
2015/02/02,23.83,24.38,23.64,24.22,534170,12840310.00
2015/02/03,23.99,24.53,23.99,24.40,889511,21576676.00
2015/02/04,24.40,24.79,23.83,24.39,875991,21103288.00
2015/02/05,24.15,24.53,24.08,24.40,658321,15931212.00
2015/02/06,24.81,24.82,22.95,23.13,733651,17328978.00
2015/02/09,22.94,23.49,22.14,22.93,799547,18036606.00
2015/02/10,22.93,23.31,22.41,23.00,553100,12512789.00
2015/02/11,23.23,23.40,22.74,22.98,622382,14273479.00
2015/02/12,23.08,23.23,22.74,23.03,329129,7514970.50
2015/02/13,23.18,23.43,22.94,23.28,893725,20692560.00
2015/02/16,23.14,24.53,23.11,24.20,2292329,54572636.00
2015/02/17,24.20,24.53,23.69,24.20,1081029,25854656.00
2015/02/25,24.04,24.33,23.78,24.03,725974,17366946.00
2015/02/26,24.12,24.36,23.74,24.08,656868,15642616.00
2015/02/27,24.06,24.71,23.83,24.33,2185016,52783100.00
2015/03/02,24.63,24.99,24.20,24.82,1330882,32676398.00
2015/03/03,24.82,25.21,24.15,24.72,2311573,56710636.00
2015/03/04,24.72,25.33,24.53,25.13,1514678,37790368.00
2015/03/05,25.12,25.31,24.44,25.31,2053267,50971956.00
2015/03/06,25.43,27.09,25.43,26.11,2911137,76070296.00
2015/03/09,25.93,26.93,25.68,26.34,1968269,51788284.00
2015/03/10,26.34,26.79,25.96,26.44,1715427,44996856.00
2015/03/11,26.78,26.83,26.03,26.47,1243928,32590172.00
2015/03/12,26.47,26.78,25.93,26.10,893081,23176186.00
2015/03/13,26.14,26.93,26.14,26.77,1722725,45758148.00
2015/03/16,27.23,28.09,27.03,27.92,1867016,51557580.00
2015/03/17,28.03,28.31,27.33,27.54,1404457,38895152.00
2015/03/18,28.33,30.28,28.33,30.28,1100120,32758352.00
2015/03/19,32.13,33.30,31.48,31.98,4609323,148112544.00
2015/03/20,31.72,32.31,30.66,31.41,2389872,74663080.00
2015/03/23,31.55,32.73,30.61,31.98,2919254,91287280.00
2015/03/24,31.73,31.92,30.63,31.66,2179877,68080840.00
2015/03/25,31.64,33.29,31.23,32.56,2755618,89032104.00
2015/03/26,31.73,32.09,30.28,30.63,2037615,63432708.00
2015/03/27,30.64,31.58,30.44,31.11,1138486,35018176.00
2015/03/30,31.69,31.69,30.77,31.09,1146653,35508632.00
2015/03/31,31.09,31.68,30.62,31.28,1821675,56310456.00
2015/04/01,31.63,31.82,30.93,31.68,1174838,36784224.00
2015/04/02,31.73,33.13,31.70,32.94,2318206,74927848.00
2015/04/03,32.14,33.12,31.78,32.34,1685884,54285092.00
2015/04/07,32.13,32.34,31.29,32.26,2644696,83238712.00
2015/04/08,32.13,32.16,30.71,30.72,2054711,63979188.00
2015/04/09,30.82,30.82,27.71,29.68,2059349,59954284.00
2015/04/10,29.58,30.15,28.83,29.97,1558625,45699696.00
2015/04/13,29.97,30.23,29.45,29.92,1410666,41865060.00
2015/04/14,30.01,31.51,29.73,30.63,1866714,57229424.00
2015/04/15,30.64,31.01,28.43,28.84,1382051,40405852.00
2015/04/16,28.62,29.33,28.33,29.21,989875,28606482.00
2015/04/17,29.26,29.59,28.63,28.73,1206656,34763776.00
2015/04/20,28.74,29.12,27.81,27.90,1077564,30557046.00
2015/04/21,27.48,29.09,27.48,28.96,1497217,42291960.00
2015/04/22,29.12,29.86,28.83,29.53,1605058,46885232.00
2015/04/23,29.83,29.83,28.74,29.23,1282695,37185076.00
2015/04/24,29.38,32.14,28.63,32.14,3651352,111577992.00
2015/04/27,31.83,32.88,30.41,30.43,4104108,127776176.00
2015/04/28,30.53,30.53,28.32,28.39,3057395,88415448.00
2015/04/29,28.63,30.63,28.63,29.62,2712452,80708248.00
2015/04/30,29.26,30.08,28.93,28.95,1846775,54392088.00
2015/05/04,28.64,29.58,28.59,29.01,1288657,37153576.00
2015/05/05,29.15,29.34,28.53,29.04,1251220,35890228.00
2015/05/06,29.04,29.72,28.61,29.18,1455224,42390004.00
2015/05/07,29.18,31.47,28.94,31.12,2632481,78655616.00
2015/05/08,30.63,34.22,30.28,33.37,5261886,169059648.00
2015/05/11,34.11,36.43,32.13,35.62,5121031,175959488.00
2015/05/12,35.62,37.82,34.13,37.21,4462698,160962640.00
2015/05/13,36.15,38.68,35.14,37.13,2770796,103132304.00
2015/05/14,36.87,37.84,36.43,36.64,1817368,67146432.00
2015/05/15,36.44,38.68,35.37,37.76,2414874,89072112.00
2015/05/18,37.63,40.01,37.25,39.82,2137331,83139928.00
2015/05/19,39.53,39.83,38.45,39.37,1569565,61122408.00
2015/05/20,39.13,41.33,38.79,39.13,2155085,85969312.00
2015/05/21,39.24,39.90,37.77,38.33,2226280,85357224.00
2015/05/22,38.46,39.61,37.89,38.33,2578853,98982880.00
2015/05/25,38.37,42.15,37.73,42.13,4483229,180464512.00
2015/05/26,42.56,44.43,41.14,44.13,3001653,126458304.00
2015/05/27,43.93,44.33,41.95,43.99,2171833,93530864.00
2015/05/28,43.96,44.61,41.13,43.53,2816006,121819976.00
2015/05/29,43.48,47.87,42.25,47.87,2975465,135238272.00
2015/06/01,49.72,51.13,48.99,50.33,3096659,153920288.00
2015/06/02,50.32,52.93,49.38,52.13,1755093,88951368.00
2015/06/03,52.11,53.60,49.63,53.39,2960974,153511824.00
2015/06/04,52.52,53.40,48.06,53.33,2157173,109317800.00
2015/06/16,53.33,53.33,48.01,48.01,2739856,133399296.00
2015/06/17,46.09,48.80,43.63,48.14,3540559,166159312.00
2015/06/18,47.21,48.33,43.40,46.63,1312553,60320840.00
2015/06/19,46.02,46.18,41.98,42.00,1985069,87912712.00
2015/06/23,42.62,43.60,38.33,41.98,2044019,84580128.00
2015/06/24,42.08,43.37,40.47,42.09,1021261,42887696.00
2015/06/25,42.09,42.71,39.13,39.38,1017853,41433280.00
2015/06/26,38.15,38.81,35.46,35.46,1304279,47247480.00
2015/06/29,36.38,36.38,31.93,31.93,1487026,48466892.00
2015/06/30,30.63,35.11,28.75,33.49,3011448,93151752.00
2015/07/01,32.14,35.88,31.63,34.13,4635504,158811584.00
2015/07/02,33.40,34.63,30.73,33.03,2065755,68055672.00
2015/07/03,32.03,35.12,29.74,32.88,2504769,80657848.00
2015/07/06,35.20,36.10,29.61,30.41,2919221,93408216.00
2015/07/07,28.14,28.88,27.38,27.38,622000,16976524.00
2015/12/01,30.11,30.11,30.11,30.11,51982,1038080.56
2015/12/02,33.11,33.11,33.11,33.11,5826,127997.22
2015/12/03,36.41,36.41,36.41,36.41,16050,387928.50
2015/12/04,40.04,40.04,40.04,40.04,25300,672727.00
2015/12/07,44.03,44.03,42.16,44.03,25600649,748382464.00
2015/12/08,43.55,43.55,39.65,42.01,24436819,674324544.00
2015/12/09,40.91,41.30,38.47,39.62,13402905,353479648.00
2015/12/10,39.47,39.92,38.44,39.19,8679853,225832336.00
2015/12/11,39.19,39.28,38.05,38.45,5884817,151512288.00
2015/12/14,37.37,38.96,37.37,38.89,5960231,151241584.00
2015/12/15,38.71,39.14,37.66,38.78,5932655,151932512.00
2015/12/16,38.86,40.66,38.29,39.65,10263160,269590464.00
2015/12/17,39.49,42.08,39.28,41.69,12685389,342964448.00
2015/12/18,41.11,42.46,40.21,40.24,8450289,229867728.00
2015/12/21,39.70,41.23,39.61,40.60,6686420,181161008.00
2015/12/22,40.43,40.58,38.87,39.31,7276513,190588176.00
2015/12/23,39.23,39.68,38.33,38.50,4413755,114060464.00
2015/12/24,38.51,39.37,37.39,39.14,4268296,108867048.00
2015/12/25,39.13,40.33,38.72,39.83,4347605,114694568.00
2015/12/28,40.21,40.81,37.88,37.97,4670754,122603048.00
2015/12/29,37.91,38.56,37.66,38.48,2631520,66807528.00
2015/12/30,38.48,38.75,37.67,38.41,2723484,69051776.00
2015/12/31,38.41,38.48,37.12,37.12,3260143,81637656.00
2016/01/04,37.12,37.34,33.44,33.44,3469213,80678032.00
2016/01/05,30.56,33.74,30.56,32.83,5158725,111490856.00
2016/01/06,33.16,34.63,32.56,34.60,3376877,75629992.00
2016/01/07,33.98,34.04,31.15,31.19,851536,18242124.00
2016/01/08,31.19,33.29,29.41,31.67,3936671,82855512.00
2016/01/11,30.77,32.11,29.56,29.59,3660184,75219192.00
2016/01/12,28.88,29.98,28.07,29.02,3224884,62255056.00
2016/01/13,29.41,29.63,26.95,27.52,2650357,49522576.00
2016/01/14,27.13,29.03,26.29,28.94,3762388,69145968.00
2016/01/15,28.58,28.66,26.89,28.34,3667464,67354632.00
2016/01/18,27.52,29.38,27.44,28.78,3318333,62606312.00
2016/01/19,28.81,29.78,28.07,29.54,3693388,70951360.00
2016/01/20,29.53,29.86,28.70,29.84,3924138,76405832.00
2016/01/21,29.35,32.81,29.33,32.78,10315610,216521024.00
2016/01/22,32.41,36.05,31.36,36.05,9204172,204178928.00
2016/01/25,37.07,39.26,36.43,38.09,15952068,402644448.00
2016/01/26,37.51,38.93,34.30,34.30,10004972,243488144.00
2016/01/27,33.64,35.05,31.36,34.34,8068367,179160352.00
2016/01/28,33.61,34.12,30.92,30.92,7037835,149516848.00
2016/01/29,30.91,32.11,29.41,31.21,6332044,129266408.00
2016/02/01,31.37,31.39,28.10,28.25,5988664,116826640.00
2016/02/02,28.66,29.98,28.34,29.53,4532302,88066128.00
2016/02/03,29.09,31.28,27.62,31.28,5983418,117348016.00
2016/02/04,31.16,32.68,31.06,31.87,5676675,120192240.00
2016/02/05,31.48,31.96,29.27,30.31,4136050,84622792.00
2016/02/15,28.88,30.46,28.37,30.16,3181747,62387896.00
2016/02/16,30.38,32.39,30.38,32.38,4971019,103339880.00
2016/02/17,32.26,33.55,31.39,32.80,6506780,139209616.00
2016/02/18,32.86,33.85,32.12,32.18,5326676,116365872.00
2016/02/19,32.11,33.11,31.85,32.42,3997070,86464584.00
2016/02/22,32.68,33.61,32.57,33.31,4548956,99984648.00
2016/02/23,33.16,33.23,31.87,32.39,4284989,92509472.00
2016/02/24,31.97,32.84,31.06,32.30,3159558,67071012.00
2016/02/25,32.18,32.51,29.09,29.09,3673150,74179456.00
2016/02/26,28.66,29.54,26.57,27.46,4191312,77515656.00
2016/02/29,27.46,27.86,24.73,25.27,3584199,61479420.00
2016/03/01,25.36,26.41,24.71,26.03,2689669,45615708.00
2016/03/02,25.81,28.16,25.66,27.50,2967837,52701800.00
2016/03/03,27.29,28.04,27.29,27.46,2706866,49676852.00
2016/03/04,26.95,27.53,25.15,25.33,2906982,50678804.00
2016/03/07,25.78,26.69,25.78,26.20,2481985,43101540.00
2016/03/08,26.20,26.71,24.74,26.71,3133259,53530860.00
2016/03/09,25.90,26.68,25.76,26.18,2099813,36614632.00
2016/03/10,26.20,26.83,25.90,26.00,1943061,33952644.00
2016/03/18,28.58,28.58,28.58,28.58,376095,7127000.00
2016/03/21,31.06,31.36,29.84,31.36,7676893,155899504.00
2016/03/22,31.21,34.36,30.32,33.35,7891643,168949440.00
2016/03/23,33.53,33.53,31.81,32.71,5513314,118636664.00
2016/03/24,32.60,33.43,31.84,32.98,5786355,126000424.00
2016/03/25,32.68,33.61,32.56,33.56,4321866,95103728.00
2016/03/28,34.40,36.31,34.10,35.86,7662914,178860256.00
2016/03/29,35.60,35.99,32.78,34.25,7771057,175994864.00
2016/03/30,34.30,36.16,34.07,35.93,6356530,150275008.00
2016/03/31,36.58,36.58,34.48,34.96,5800005,135167648.00
2016/04/01,34.67,35.33,32.86,33.44,3883332,86727048.00
2016/04/05,33.97,35.86,33.46,35.26,4924394,113834936.00
2016/04/06,35.29,37.24,34.43,37.03,6954238,165243808.00
2016/04/07,37.27,37.28,35.57,35.57,4848920,116468680.00
2016/04/08,34.81,35.11,33.95,34.55,2892246,66178948.00
2016/04/11,35.09,35.81,35.05,35.23,3385675,79360528.00
2016/04/12,35.24,35.24,34.21,34.61,2589750,59281308.00
2016/04/13,34.63,37.04,34.63,35.78,7040964,169579072.00
2016/04/14,36.10,36.52,35.81,36.46,3304194,79356184.00
2016/04/15,36.61,36.65,35.75,35.95,2294036,54833160.00
2016/04/18,35.93,36.13,34.69,36.04,3325527,78437424.00
2016/04/19,36.08,36.58,35.78,36.23,2681239,64451348.00
2016/04/20,36.41,36.52,33.62,34.97,4333468,100829008.00
2016/04/21,34.60,34.96,33.17,33.55,2576366,58595596.00
2016/04/22,33.31,34.03,32.71,33.83,1405861,31341122.00
2016/04/25,33.76,33.76,31.99,33.04,2210236,48130684.00
2016/04/26,32.93,34.01,32.60,33.83,2223611,49251912.00
2016/04/27,33.89,34.94,33.67,34.51,3046952,69578320.00
2016/04/28,35.14,36.17,34.70,35.42,4151348,97994936.00
2016/04/29,34.97,35.33,34.40,34.51,2291721,52851580.00
2016/05/03,34.58,37.19,33.88,36.59,5688850,136274176.00
2016/05/04,36.01,38.41,35.96,37.57,7038713,176295840.00
2016/05/05,37.15,38.11,36.92,37.42,3845874,95718464.00
2016/05/06,37.48,37.63,35.06,36.16,5927677,142510896.00
2016/05/09,35.30,36.02,34.93,35.24,3869335,90901968.00
2016/05/10,34.51,36.08,34.45,34.96,1960498,45930880.00
2016/05/11,35.33,35.69,34.37,34.49,2328731,53987212.00
2016/05/12,34.21,34.73,33.01,34.61,1657574,37404112.00
2016/05/13,34.67,35.39,34.22,34.48,1246285,28717284.00
2016/05/16,34.43,36.53,33.95,36.53,3027013,71179384.00
2016/05/17,36.53,36.86,35.56,36.01,3485807,83738440.00
2016/05/18,35.56,35.56,33.55,34.22,2459794,56354828.00
2016/05/19,33.91,35.15,33.88,34.06,2070930,47467448.00
2016/05/20,33.34,34.63,33.31,34.48,1307361,29534258.00
2016/05/23,34.25,35.05,34.25,34.60,1587776,36569716.00
2016/05/24,34.54,34.63,33.91,34.31,1186156,26998592.00
2016/05/25,34.55,37.18,34.46,36.62,5780904,138883232.00
2016/05/26,36.19,36.56,34.76,36.34,4322699,101994816.00
2016/05/27,35.92,39.44,35.87,37.82,7341546,184805456.00
2016/05/30,37.69,40.61,36.94,40.33,7628336,197659664.00
2016/05/31,39.70,41.71,39.50,41.42,8333714,225143584.00
2016/06/01,40.84,41.81,40.48,41.09,5932043,161391120.00
2016/06/02,40.69,43.06,40.61,41.41,6455786,179468736.00
2016/06/03,40.76,42.08,40.18,40.78,5725713,155613104.00
2016/06/06,41.86,44.84,41.75,44.08,16587146,489539840.00
2016/06/07,42.94,44.38,42.82,43.81,7269347,209493936.00
2016/06/08,43.69,44.62,42.52,43.81,4877717,141293408.00
2016/06/13,42.26,44.51,41.71,41.92,5805244,165577056.00
2016/06/14,41.60,42.53,39.23,42.19,5123758,139657648.00
2016/06/22,43.55,45.64,42.20,45.17,7999795,235935936.00
2016/06/23,43.99,44.44,42.94,43.01,4073767,117570384.00
2016/06/24,42.94,47.30,42.22,47.30,7744310,232274352.00
2016/06/27,46.69,52.00,46.06,50.44,8216758,268011648.00
2016/06/28,50.14,52.99,48.49,51.25,7091172,237131728.00
2016/06/29,50.68,51.43,49.21,49.40,4823726,160264192.00
2016/06/30,49.97,50.89,48.64,49.69,4227178,139536704.00
2016/07/01,49.87,50.12,47.81,48.08,3192722,102742784.00
2016/07/04,47.72,49.03,47.62,48.19,3609272,115760512.00
2016/07/05,48.94,49.06,47.71,48.50,3450120,110854048.00
2016/07/06,48.94,48.94,47.75,47.96,2191984,70064368.00
2016/07/07,48.86,51.16,48.49,50.44,7901100,263805072.00
2016/07/08,49.79,49.79,48.02,48.04,4879276,157664976.00
2016/07/11,48.10,48.43,46.03,46.27,3604214,111778600.00
2016/07/12,45.71,47.50,44.17,47.18,4720802,143549296.00
2016/07/13,47.18,49.51,46.70,48.55,4942872,158787712.00
2016/07/14,48.59,49.39,47.74,48.92,2987462,96157560.00
2016/07/15,48.74,50.09,48.34,48.86,2460909,80392040.00
2016/07/18,49.24,52.69,49.09,52.37,6956823,239143872.00
2016/07/19,54.19,54.19,48.79,49.69,7771759,262953952.00
2016/07/20,48.86,50.14,48.20,49.31,3573559,116124016.00
2016/07/21,48.80,50.18,48.79,49.01,2406872,78896720.00
2016/07/22,49.67,49.67,47.89,48.05,2149756,69921632.00
2016/07/25,48.19,49.48,45.58,47.96,2650438,84091072.00
2016/07/26,47.87,49.19,47.29,48.34,2468163,79313440.00
2016/07/27,48.91,48.91,45.01,45.56,3642267,112163768.00
2016/07/28,45.19,45.56,42.56,44.26,2662826,77882008.00
2016/07/29,44.14,44.66,42.82,43.21,1102584,31777820.00
2016/08/01,43.61,44.99,41.15,44.32,2598643,75512048.00
2016/08/02,44.33,44.74,43.87,44.54,1316369,38816984.00
2016/08/03,45.79,46.33,44.54,45.64,2838238,85897728.00
2016/08/04,45.67,47.24,45.35,46.87,2733124,84704728.00
2016/08/05,47.51,51.16,46.94,49.88,5963045,197151536.00
2016/08/08,49.99,51.61,48.94,50.15,3584930,119598456.00
2016/08/09,50.14,51.01,49.09,50.72,3896987,130129384.00
2016/08/10,50.21,50.96,49.54,50.74,4019974,133957960.00
2016/08/11,50.44,53.44,49.24,51.49,6158448,209570640.00
2016/08/12,49.54,50.45,48.31,48.94,6170066,201598048.00
2016/08/15,48.79,50.44,47.59,48.71,4863098,158114848.00
2016/08/16,48.71,49.61,47.83,48.76,4025560,130324552.00
2016/08/17,47.74,48.76,47.74,48.11,2653657,84953952.00
2016/08/18,48.80,48.80,47.98,48.40,1691517,54335692.00
2016/08/19,48.26,48.77,47.71,48.49,1746119,55816240.00
2016/08/22,48.64,48.65,47.50,47.54,1293460,41331324.00
2016/08/23,47.84,47.99,46.84,47.20,1007325,31701344.00
2016/08/24,47.45,48.56,47.26,48.17,1556804,49715620.00
2016/08/25,48.05,49.40,47.35,49.40,2602723,83636800.00
2016/08/26,49.52,50.51,49.01,49.24,2646754,87812360.00
2016/08/29,49.36,50.69,48.52,50.54,3827248,127732608.00
2016/08/30,50.29,50.66,47.89,49.31,5178599,170147152.00
2016/08/31,48.94,49.16,47.26,48.04,3176091,101393784.00
2016/09/01,48.19,48.94,47.15,48.31,2615277,83307104.00
2016/09/02,48.02,49.39,47.59,49.21,1900518,61413656.00
2016/09/05,49.66,50.66,49.37,49.69,2919956,97150328.00
2016/09/06,49.31,51.56,48.98,51.41,4432318,148521088.00
2016/09/07,52.01,56.54,51.98,55.91,10612479,389757824.00
2016/09/08,54.94,55.36,53.47,54.40,5454256,197005200.00
2016/09/09,54.34,59.41,53.59,56.29,7787685,292474560.00
2016/09/12,54.76,57.77,52.84,52.84,5597246,205184272.00
2016/09/13,53.39,57.64,53.39,56.98,9548845,356326144.00
2016/09/14,56.09,56.44,53.06,53.42,6420899,231131312.00
2016/09/19,52.69,54.97,51.46,54.25,5408081,190658304.00
2016/09/20,54.19,54.40,52.73,52.91,2854506,101390648.00
2016/09/21,52.46,53.57,52.46,52.78,1471200,51766096.00
2016/09/22,53.44,54.17,52.81,53.18,2929463,104266352.00
2016/09/23,53.18,53.81,51.49,51.49,2657366,92937704.00
2016/09/26,51.14,53.57,50.59,52.45,4286993,149993824.00
2016/09/27,52.91,53.63,51.19,53.63,2437666,85233688.00
2016/09/28,53.66,55.00,52.99,54.13,2730392,98588336.00
2016/09/29,53.89,54.41,53.24,53.44,1906747,68006168.00
2016/09/30,53.72,55.04,53.20,54.98,2720175,98499056.00
2016/10/10,55.39,56.42,54.43,55.48,4419248,162109408.00
2016/10/11,54.46,55.51,52.69,55.22,7454569,266211504.00
2016/10/12,55.24,57.61,54.76,56.63,4716840,177297616.00
2016/10/13,56.33,61.66,56.33,58.69,5744352,226416896.00
2016/10/14,58.82,61.06,57.83,57.95,3358660,131283408.00
2016/10/17,58.04,60.55,57.46,60.46,5077445,202157824.00
2016/10/18,60.40,60.58,59.50,60.19,2593315,103619768.00
2016/10/19,59.96,60.64,58.81,59.89,2713270,107613256.00
2016/10/20,59.68,63.71,59.56,62.29,5111734,210070528.00
2016/10/21,61.60,62.80,59.66,60.83,3208916,130573784.00
2016/10/24,60.20,60.83,59.29,59.60,2610561,104033648.00
2016/10/25,60.04,60.91,59.27,59.66,2179143,87031024.00
2016/10/26,60.02,60.11,57.49,59.24,3524433,136631312.00
2016/10/27,59.14,59.21,57.19,57.41,4033034,155015856.00
2016/10/28,57.94,59.30,57.50,58.19,3160949,122829176.00
2016/10/31,58.64,60.34,57.74,59.87,3330150,131424472.00
2016/11/01,59.65,60.56,59.17,59.87,2031612,80866560.00
2016/11/02,60.11,61.54,59.74,59.90,3039066,122257448.00
2016/11/03,59.90,60.53,58.94,59.12,2012620,79601384.00
2016/11/04,59.20,60.44,59.20,60.11,1888502,75311504.00
2016/11/07,60.11,61.24,59.93,60.47,2283047,91963040.00
2016/11/08,60.56,60.94,59.60,60.94,1435398,57582304.00
2016/11/09,61.09,61.45,59.44,59.99,1567216,63017552.00
2016/11/10,60.19,64.01,60.19,63.37,3316718,138891888.00
2016/11/11,63.19,66.46,63.04,65.89,2720687,118216752.00
2016/11/14,68.59,68.59,60.19,62.03,6121726,263059904.00
2016/11/15,61.99,66.64,61.69,66.02,4701166,202405184.00
2016/11/16,66.17,66.68,61.09,63.17,7243828,304687296.00
2016/11/17,64.42,64.42,61.04,62.59,6162306,253968016.00
2016/11/18,62.06,62.06,60.19,61.70,4477302,182386448.00
2016/11/21,61.04,61.61,59.90,60.70,4361892,175535136.00
2016/11/22,60.32,61.63,59.89,61.37,3381234,136428736.00
2016/11/23,61.96,62.45,61.01,61.01,3090760,126500448.00
2016/11/24,60.83,65.89,60.19,64.22,9711862,410618624.00
2016/11/25,63.38,65.20,62.42,64.84,5371462,228809088.00
2016/11/28,64.69,65.14,62.83,62.83,4205658,177867424.00
2016/11/29,63.04,64.01,60.94,61.09,3497180,144851760.00
2016/11/30,60.94,64.99,60.79,64.99,7106945,300388928.00
2016/12/01,64.88,65.09,63.94,64.34,2972070,127424232.00
2016/12/02,64.30,65.72,63.64,65.15,4920287,211836064.00
2016/12/05,63.26,68.38,63.19,66.19,6497270,279312640.00
2016/12/06,66.19,66.62,64.72,65.59,7422559,322831008.00
2016/12/07,64.51,64.51,59.05,59.05,15451383,621276096.00
2016/12/08,57.64,63.55,57.64,61.76,10073952,407353440.00
2016/12/09,61.10,63.49,61.10,61.70,6585924,272440160.00
2016/12/12,61.39,62.84,55.78,57.04,6962415,272292608.00
2016/12/13,56.59,58.54,55.36,57.80,3487926,132322960.00
2016/12/14,57.80,60.14,57.80,59.51,3936568,155155712.00
2016/12/15,59.36,61.06,59.15,60.11,2630379,104785792.00
2016/12/16,60.56,63.64,60.04,63.08,6758258,280693312.00
2016/12/19,62.74,65.68,62.36,64.88,7328333,312338048.00
2016/12/20,70.69,70.69,61.69,65.18,39516180,1764231680.00
2016/12/21,63.05,63.50,59.24,60.17,20566236,837209472.00
2016/12/22,60.94,61.60,59.45,59.89,8770274,352171936.00
2016/12/23,60.16,60.16,57.08,58.28,10618803,411081152.00
2016/12/26,57.22,58.78,57.20,58.51,6280327,242686720.00
2016/12/27,58.25,60.14,57.97,58.51,8425443,330171296.00
2016/12/28,58.24,59.68,58.09,58.42,7023687,274816128.00
2016/12/29,58.54,58.61,54.91,55.48,10335628,386505120.00
2016/12/30,55.18,55.99,54.98,55.93,4289822,158270800.00
2017/01/03,57.19,57.58,55.90,56.14,6302753,237692304.00
2017/01/04,56.29,58.64,55.93,58.24,10051127,386331712.00
2017/01/05,57.98,58.48,56.62,56.78,6270399,239472512.00
2017/01/06,56.44,56.81,55.72,55.99,3837854,143026208.00
2017/01/09,56.29,56.68,54.76,55.07,4701134,173679376.00
2017/01/10,55.48,55.48,54.44,55.01,3432400,125523312.00
2017/01/11,54.95,54.97,52.09,52.33,5897905,209011392.00
2017/01/12,52.39,55.06,52.39,53.21,5631655,200373568.00
2017/01/13,52.96,54.19,52.91,52.99,3509922,124538840.00
2017/01/16,53.44,53.44,47.71,48.70,4879232,162105664.00
2017/01/17,48.58,51.11,46.69,49.43,5684808,183366816.00
2017/01/18,48.91,49.60,48.46,48.94,3055452,99507936.00
2017/01/19,48.53,50.54,47.54,49.16,4110173,134300336.00
2017/01/20,48.71,50.53,48.38,49.70,3971855,131323160.00
2017/01/23,49.48,51.92,49.48,51.19,5236038,177362336.00
2017/01/24,50.92,51.91,50.92,51.08,2688305,91658304.00
2017/01/25,51.04,54.10,50.89,53.02,7118971,250485664.00
2017/01/26,53.74,54.49,53.02,53.93,3953928,141014016.00
2017/02/03,54.37,55.84,53.89,54.37,4818782,176148704.00
2017/02/06,54.49,54.77,53.20,54.62,4295428,154090928.00
2017/02/07,54.37,54.37,53.24,53.59,3111372,111067504.00
2017/02/08,53.27,53.83,52.85,53.72,3093707,109626016.00
2017/02/09,53.63,55.51,53.36,54.28,5322454,193050960.00
2017/02/10,54.04,54.32,53.36,53.38,3316248,118291400.00
2017/02/13,53.29,55.01,52.99,54.53,5965889,215644912.00
2017/02/14,55.07,55.46,54.20,54.88,4758428,173550368.00
2017/02/15,54.94,55.79,54.04,54.25,7035738,257379376.00
2017/02/16,54.34,54.67,53.57,54.29,3843394,138331552.00
2017/02/17,54.43,54.44,52.57,52.72,4045039,143267120.00
2017/02/20,52.93,52.99,50.86,52.39,4054694,139034032.00
2017/02/21,52.06,53.65,51.74,53.38,5126548,180785024.00
2017/02/22,54.37,54.37,52.61,53.14,3725954,131256312.00
2017/02/23,53.29,53.29,52.75,53.00,3939310,138696144.00
2017/02/24,53.18,53.50,52.61,53.24,3163875,111530824.00
2017/02/27,53.27,53.27,52.22,52.69,2938807,102769992.00
2017/02/28,52.46,52.99,52.42,52.78,2142579,74994648.00
2017/03/01,52.78,53.86,52.58,53.45,5850150,207641760.00
2017/03/02,53.66,53.89,52.84,52.91,3510749,124258072.00
2017/03/03,52.66,54.70,52.45,54.41,7310090,261339280.00
2017/03/06,55.34,56.14,54.82,55.96,10056844,371239392.00
2017/03/07,56.06,56.26,54.98,55.67,5984178,220799104.00
2017/03/08,55.40,56.18,55.31,55.46,3957731,146528368.00
2017/03/09,55.51,55.51,54.34,54.46,3967769,144341072.00
2017/03/10,54.49,57.29,54.44,57.08,12783809,478030176.00
2017/03/13,57.16,59.24,56.89,58.18,14177148,547859456.00
2017/03/14,57.91,59.56,57.58,58.16,10163042,394582272.00
2017/03/15,57.68,60.34,57.68,59.87,12425568,487790112.00
2017/03/16,60.19,63.85,59.90,62.71,15437712,638712896.00
2017/03/17,62.89,66.89,62.14,63.94,18577166,794651648.00
2017/03/20,64.52,66.74,63.56,65.81,15500388,676199232.00
2017/03/21,65.15,65.86,62.09,63.10,15747792,666105408.00
2017/03/22,62.71,64.78,62.71,64.64,11516551,486665920.00
2017/03/23,64.84,65.14,61.24,63.29,14208436,596477568.00
2017/03/24,63.64,65.42,61.84,61.99,19668535,834115008.00
2017/03/27,60.40,61.99,59.63,60.13,10391264,417711456.00
2017/03/28,60.14,60.89,59.15,59.53,7115713,284165184.00
2017/03/29,60.32,61.03,59.60,59.93,9198933,369456320.00
2017/03/30,59.62,59.62,55.31,55.99,11767176,445443552.00
2017/03/31,56.02,57.43,55.99,57.11,5750970,216426432.00
2017/04/05,57.16,58.33,56.63,57.89,4732391,181109808.00
2017/04/06,57.64,57.92,56.74,57.02,4944995,187956176.00
2017/04/07,56.74,57.08,55.19,55.84,5543711,206260608.00
2017/04/10,53.29,53.29,50.27,50.27,10306391,346799232.00
2017/04/11,48.28,50.81,48.28,50.44,6723265,222227744.00
2017/04/12,51.01,51.04,49.24,49.46,4441536,147410256.00
2017/04/13,49.19,50.32,49.19,49.46,3313686,109440728.00
2017/04/14,50.14,50.95,49.72,50.59,5209388,174733376.00
2017/04/17,46.97,47.24,45.55,45.55,6198551,189361552.00
2017/04/18,44.51,45.14,41.89,42.71,7780353,223315648.00
2017/04/19,42.23,43.99,41.90,43.42,4413853,126585336.00
2017/04/20,43.39,43.39,41.38,42.94,4474701,125477144.00
2017/04/21,42.37,42.88,41.98,42.11,2542552,71636344.00
2017/04/24,42.08,43.03,40.49,42.56,3910935,109387472.00
2017/04/25,42.41,43.99,42.41,42.64,4142237,118753112.00
2017/04/26,42.71,43.64,42.70,43.33,3576280,102412200.00
2017/04/27,43.31,44.24,42.23,44.17,4900822,140992432.00
2017/04/28,43.94,44.81,43.66,44.53,3679581,108400600.00
2017/05/02,43.99,44.39,43.19,43.37,3370118,97599336.00
2017/05/03,43.39,43.96,42.34,43.09,3971248,113398136.00
2017/05/04,42.79,43.39,42.13,42.76,2422319,68777736.00
2017/05/05,43.09,43.66,42.55,42.94,3190428,91458088.00
2017/05/08,42.65,42.86,39.52,39.97,4714578,127218032.00
2017/05/09,39.79,40.61,39.43,40.58,2218692,59199964.00
2017/05/10,40.36,40.97,39.47,39.49,2449690,65521648.00
2017/05/11,39.28,39.83,37.06,38.71,3901642,99063880.00
2017/05/12,38.56,38.83,37.99,38.41,2427724,61920800.00
2017/05/15,38.59,39.55,37.96,38.23,2882783,74031232.00
2017/05/16,38.23,39.55,37.54,39.47,4752870,121970832.00
2017/05/17,39.49,40.78,39.49,40.28,4654228,123934232.00
2017/05/18,39.64,40.36,39.53,39.91,2726054,72453792.00
2017/05/19,40.01,40.31,39.04,39.41,1870400,49087528.00
2017/05/22,39.49,39.49,37.69,37.69,2975402,75653016.00
2017/05/23,37.63,37.90,35.41,35.41,3112141,75607112.00
2017/05/24,35.15,35.93,34.76,35.81,2425688,57194404.00
2017/05/25,35.65,36.34,34.91,36.08,2507000,59206300.00
2017/05/26,37.01,39.46,36.95,37.45,5697300,143414176.00
2017/05/31,38.80,38.89,37.57,37.63,3830667,96992992.00
2017/06/01,37.63,37.67,35.14,35.23,3350996,80914368.00
2017/06/02,35.38,37.04,34.70,36.34,3134708,74746728.00
2017/06/05,36.37,36.56,35.64,36.10,3891927,51482824.00
2017/06/06,36.05,37.81,35.99,37.19,9240390,125532344.00
2017/06/07,37.16,38.95,36.78,38.54,10708839,149850064.00
2017/06/08,38.68,39.03,37.73,37.97,8081934,113202832.00
2017/06/09,37.97,38.32,36.89,37.40,6829739,93534064.00
2017/06/12,36.91,37.27,35.88,35.94,5519979,73468680.00
2017/06/13,36.10,36.89,35.75,36.75,6500324,86854432.00
2017/06/14,36.86,39.84,36.54,39.08,18902180,268848288.00
2017/06/15,38.76,39.79,38.49,39.33,16007313,229503856.00
2017/06/16,39.68,39.68,38.46,38.68,8600465,122297896.00
2017/06/19,38.76,39.08,38.54,39.08,6463557,91737960.00
2017/06/20,39.54,41.57,39.54,40.14,17772485,263663104.00
2017/06/21,40.14,41.30,39.62,40.65,12401886,183570288.00
2017/06/22,40.14,40.30,37.78,38.30,12073843,173774800.00
2017/06/23,38.46,39.22,37.89,38.84,8455515,119461032.00
2017/06/26,38.49,40.90,38.27,40.71,13624239,198141072.00
2017/06/27,40.52,40.76,39.95,40.08,9303585,137109888.00
2017/06/28,39.79,40.84,39.79,39.84,7249052,106773176.00
2017/06/29,39.84,40.19,39.22,39.76,6076548,88230888.00
2017/06/30,39.52,40.06,39.08,39.89,6144748,89140472.00
2017/07/03,39.87,40.52,39.79,40.36,6645979,97882176.00
2017/07/04,40.41,42.82,40.38,42.50,20950181,320960864.00
2017/07/05,42.33,44.72,41.68,44.23,20206514,319132224.00
2017/07/06,44.31,45.99,43.44,44.15,25878083,423432416.00
2017/07/07,44.12,45.45,43.17,45.12,24128441,391059552.00
2017/07/10,44.64,44.96,42.96,43.34,14320492,231687520.00
2017/07/11,43.23,43.58,41.52,41.74,11446552,177554544.00
2017/07/12,41.79,42.93,41.39,42.85,9179070,142345424.00
2017/07/13,42.85,42.96,41.47,42.14,7810389,120772288.00
2017/07/14,41.85,42.52,41.47,41.82,4886817,75105000.00
2017/07/17,41.20,41.20,37.67,37.75,13654311,194168144.00
2017/07/18,37.81,39.60,37.81,39.08,6114866,86628704.00
2017/07/19,38.70,39.41,38.40,39.19,6964694,99179392.00
2017/07/20,39.24,43.07,39.22,43.07,15599983,240350192.00
2017/07/21,43.82,45.26,43.15,44.09,27687693,448674592.00
2017/07/24,44.15,45.04,42.36,44.75,21698265,348026752.00
2017/07/25,44.34,44.39,43.15,43.85,12323597,197531568.00
2017/07/26,43.88,45.83,43.88,45.67,24709915,408248000.00
2017/07/27,45.67,49.54,45.04,47.70,34652297,605214400.00
2017/07/28,47.08,49.78,46.83,48.21,29388080,524256832.00
2017/07/31,47.75,49.49,46.56,48.35,19392566,341969184.00
2017/08/01,48.00,48.27,45.88,46.51,19731791,338495040.00
2017/08/02,46.75,47.70,45.88,45.91,14671905,251510960.00
2017/08/03,45.61,47.02,44.91,45.86,12398450,208705280.00
2017/08/04,45.61,45.94,43.82,43.96,12810776,210418496.00
2017/08/07,44.04,46.80,44.04,46.75,18381415,309944384.00
2017/08/08,47.21,47.21,45.99,46.37,12266994,209130960.00
2017/08/09,46.32,47.62,46.21,46.53,12139779,208567616.00
2017/08/10,46.40,46.72,44.58,45.26,11570459,192540896.00
2017/08/11,44.66,45.99,44.45,44.99,10427269,173365280.00
2017/08/14,45.04,47.10,44.58,46.91,12139300,205942448.00
2017/08/15,46.80,47.73,46.45,47.32,12087977,208420704.00
2017/08/16,47.21,47.32,46.42,46.99,8628400,148351312.00
2017/08/17,46.91,47.73,46.48,47.56,12375984,214118128.00
2017/08/18,47.35,49.49,46.97,48.19,15533419,275385600.00
2017/08/21,47.08,47.40,45.58,46.53,17425964,295612640.00
2017/08/22,46.13,46.13,45.21,45.53,9943580,166056464.00
2017/08/23,45.58,45.99,45.18,45.23,5351235,89381544.00
2017/08/24,45.21,45.45,43.42,43.74,9116404,147910720.00
2017/08/25,43.82,45.31,43.82,45.31,6895017,112609112.00
2017/08/28,45.10,45.94,44.91,45.29,7946064,132165264.00
2017/08/29,45.26,45.58,44.31,44.37,5825708,95644192.00
2017/08/30,44.39,45.29,44.39,44.58,4224354,69392000.00
2017/08/31,44.66,45.12,44.50,44.96,4577853,75138176.00
2017/09/01,44.91,45.21,44.18,44.53,6789514,110653872.00
2017/09/04,45.31,46.67,45.18,46.07,15343160,258850272.00
2017/09/05,45.80,46.07,45.04,45.80,8439537,140763136.00
2017/09/06,45.61,49.11,45.23,48.70,26353163,459969504.00
2017/09/07,48.97,49.73,47.43,47.78,23781994,423966944.00
2017/09/08,47.45,48.27,46.53,47.26,11737380,204032240.00
2017/09/11,47.21,49.46,47.08,49.11,19096438,341502080.00
2017/09/12,48.81,52.36,48.38,49.65,31875243,585570752.00
2017/09/13,49.11,49.38,48.00,48.97,14022618,250548096.00
2017/09/14,48.86,51.68,48.84,51.55,29114170,538383360.00
2017/09/15,54.74,56.67,52.90,54.66,70710097,1425734528.00
2017/09/18,53.04,60.11,52.63,58.46,56244297,1163321344.00
2017/09/19,56.91,59.89,56.02,56.18,44402870,937414080.00
2017/09/20,56.40,59.05,55.26,57.72,28893002,608267328.00
2017/09/21,57.72,57.72,57.72,57.72,0,0.00
数据来源:通达信
